"Label (Grouping)","Washington!!Total!!Estimate","Washington!!Percent!!Estimate","Washington!!In public school!!Estimate","Washington!!Percent in public school!!Estimate","Washington!!In private school!!Estimate","Washington!!Percent in private school!!Estimate","Adams County, Washington!!Total!!Estimate","Adams County, Washington!!Percent!!Estimate","Adams County, Washington!!In public school!!Estimate","Adams County, Washington!!Percent in public school!!Estimate","Adams County, Washington!!In private school!!Estimate","Adams County, Washington!!Percent in private school!!Estimate","Asotin County, Washington!!Total!!Estimate","Asotin County, Washington!!Percent!!Estimate","Asotin County, Washington!!In public school!!Estimate","Asotin County, Washington!!Percent in public school!!Estimate","Asotin County, Washington!!In private school!!Estimate","Asotin County, Washington!!Percent in private school!!Estimate","Benton County, Washington!!Total!!Estimate","Benton County, Washington!!Percent!!Estimate","Benton County, Washington!!In public school!!Estimate","Benton County, Washington!!Percent in public school!!Estimate","Benton County, Washington!!In private school!!Estimate","Benton County, Washington!!Percent in private school!!Estimate","Chelan County, Washington!!Total!!Estimate","Chelan County, Washington!!Percent!!Estimate","Chelan County, Washington!!In public school!!Estimate","Chelan County, Washington!!Percent in public school!!Estimate","Chelan County, Washington!!In private school!!Estimate","Chelan County, Washington!!Percent in private school!!Estimate","Clallam County, Washington!!Total!!Estimate","Clallam County, Washington!!Percent!!Estimate","Clallam County, Washington!!In public school!!Estimate","Clallam County, Washington!!Percent in public school!!Estimate","Clallam County, Washington!!In private school!!Estimate","Clallam County, Washington!!Percent in private school!!Estimate","Clark County, Washington!!Total!!Estimate","Clark County, Washington!!Percent!!Estimate","Clark County, Washington!!In public school!!Estimate","Clark County, Washington!!Percent in public school!!Estimate","Clark County, Washington!!In private school!!Estimate","Clark County, Washington!!Percent in private school!!Estimate","Columbia County, Washington!!Total!!Estimate","Columbia County, Washington!!Percent!!Estimate","Columbia County, Washington!!In public school!!Estimate","Columbia County, Washington!!Percent in public school!!Estimate","Columbia County, Washington!!In private school!!Estimate","Columbia County, Washington!!Percent in private school!!Estimate","Cowlitz County, Washington!!Total!!Estimate","Cowlitz County, Washington!!Percent!!Estimate","Cowlitz County, Washington!!In public school!!Estimate","Cowlitz County, Washington!!Percent in public school!!Estimate","Cowlitz County, Washington!!In private school!!Estimate","Cowlitz County, Washington!!Percent in private school!!Estimate","Douglas County, Washington!!Total!!Estimate","Douglas County, Washington!!Percent!!Estimate","Douglas County, Washington!!In public school!!Estimate","Douglas County, Washington!!Percent in public school!!Estimate","Douglas County, Washington!!In private school!!Estimate","Douglas County, Washington!!Percent in private school!!Estimate","Ferry County, Washington!!Total!!Estimate","Ferry County, Washington!!Percent!!Estimate","Ferry County, Washington!!In public school!!Estimate","Ferry County, Washington!!Percent in public school!!Estimate","Ferry County, Washington!!In private school!!Estimate","Ferry County, Washington!!Percent in private school!!Estimate","Franklin County, Washington!!Total!!Estimate","Franklin County, Washington!!Percent!!Estimate","Franklin County, Washington!!In public school!!Estimate","Franklin County, Washington!!Percent in public school!!Estimate","Franklin County, Washington!!In private school!!Estimate","Franklin County, Washington!!Percent in private school!!Estimate","Garfield County, Washington!!Total!!Estimate","Garfield County, Washington!!Percent!!Estimate","Garfield County, Washington!!In public school!!Estimate","Garfield County, Washington!!Percent in public school!!Estimate","Garfield County, Washington!!In private school!!Estimate","Garfield County, Washington!!Percent in private school!!Estimate","Grant County, Washington!!Total!!Estimate","Grant County, Washington!!Percent!!Estimate","Grant County, Washington!!In public school!!Estimate","Grant County, Washington!!Percent in public school!!Estimate","Grant County, Washington!!In private school!!Estimate","Grant County, Washington!!Percent in private school!!Estimate","Grays Harbor County, Washington!!Total!!Estimate","Grays Harbor County, Washington!!Percent!!Estimate","Grays Harbor County, Washington!!In public school!!Estimate","Grays Harbor County, Washington!!Percent in public school!!Estimate","Grays Harbor County, Washington!!In private school!!Estimate","Grays Harbor County, Washington!!Percent in private school!!Estimate","Island County, Washington!!Total!!Estimate","Island County, Washington!!Percent!!Estimate","Island County, Washington!!In public school!!Estimate","Island County, Washington!!Percent in public school!!Estimate","Island County, Washington!!In private school!!Estimate","Island County, Washington!!Percent in private school!!Estimate","Jefferson County, Washington!!Total!!Estimate","Jefferson County, Washington!!Percent!!Estimate","Jefferson County, Washington!!In public school!!Estimate","Jefferson County, Washington!!Percent in public school!!Estimate","Jefferson County, Washington!!In private school!!Estimate","Jefferson County, Washington!!Percent in private school!!Estimate","King County, Washington!!Total!!Estimate","King County, Washington!!Percent!!Estimate","King County, Washington!!In public school!!Estimate","King County, Washington!!Percent in public school!!Estimate","King County, Washington!!In private school!!Estimate","King County, Washington!!Percent in private school!!Estimate","Kitsap County, Washington!!Total!!Estimate","Kitsap County, Washington!!Percent!!Estimate","Kitsap County, Washington!!In public school!!Estimate","Kitsap County, Washington!!Percent in public school!!Estimate","Kitsap County, Washington!!In private school!!Estimate","Kitsap County, Washington!!Percent in private school!!Estimate","Kittitas County, Washington!!Total!!Estimate","Kittitas County, Washington!!Percent!!Estimate","Kittitas County, Washington!!In public school!!Estimate","Kittitas County, Washington!!Percent in public school!!Estimate","Kittitas County, Washington!!In private school!!Estimate","Kittitas County, Washington!!Percent in private school!!Estimate","Klickitat County, Washington!!Total!!Estimate","Klickitat County, Washington!!Percent!!Estimate","Klickitat County, Washington!!In public school!!Estimate","Klickitat County, Washington!!Percent in public school!!Estimate","Klickitat County, Washington!!In private school!!Estimate","Klickitat County, Washington!!Percent in private school!!Estimate","Lewis County, Washington!!Total!!Estimate","Lewis County, Washington!!Percent!!Estimate","Lewis County, Washington!!In public school!!Estimate","Lewis County, Washington!!Percent in public school!!Estimate","Lewis County, Washington!!In private school!!Estimate","Lewis County, Washington!!Percent in private school!!Estimate","Lincoln County, Washington!!Total!!Estimate","Lincoln County, Washington!!Percent!!Estimate","Lincoln County, Washington!!In public school!!Estimate","Lincoln County, Washington!!Percent in public school!!Estimate","Lincoln County, Washington!!In private school!!Estimate","Lincoln County, Washington!!Percent in private school!!Estimate","Mason County, Washington!!Total!!Estimate","Mason County, Washington!!Percent!!Estimate","Mason County, Washington!!In public school!!Estimate","Mason County, Washington!!Percent in public school!!Estimate","Mason County, Washington!!In private school!!Estimate","Mason County, Washington!!Percent in private school!!Estimate","Okanogan County, Washington!!Total!!Estimate","Okanogan County, Washington!!Percent!!Estimate","Okanogan County, Washington!!In public school!!Estimate","Okanogan County, Washington!!Percent in public school!!Estimate","Okanogan County, Washington!!In private school!!Estimate","Okanogan County, Washington!!Percent in private school!!Estimate","Pacific County, Washington!!Total!!Estimate","Pacific County, Washington!!Percent!!Estimate","Pacific County, Washington!!In public school!!Estimate","Pacific County, Washington!!Percent in public school!!Estimate","Pacific County, Washington!!In private school!!Estimate","Pacific County, Washington!!Percent in private school!!Estimate","Pend Oreille County, Washington!!Total!!Estimate","Pend Oreille County, Washington!!Percent!!Estimate","Pend Oreille County, Washington!!In public school!!Estimate","Pend Oreille County, Washington!!Percent in public school!!Estimate","Pend Oreille County, Washington!!In private school!!Estimate","Pend Oreille County, Washington!!Percent in private school!!Estimate","Pierce County, Washington!!Total!!Estimate","Pierce County, Washington!!Percent!!Estimate","Pierce County, Washington!!In public school!!Estimate","Pierce County, Washington!!Percent in public school!!Estimate","Pierce County, Washington!!In private school!!Estimate","Pierce County, Washington!!Percent in private school!!Estimate","San Juan County, Washington!!Total!!Estimate","San Juan County, Washington!!Percent!!Estimate","San Juan County, Washington!!In public school!!Estimate","San Juan County, Washington!!Percent in public school!!Estimate","San Juan County, Washington!!In private school!!Estimate","San Juan County, Washington!!Percent in private school!!Estimate","Skagit County, Washington!!Total!!Estimate","Skagit County, Washington!!Percent!!Estimate","Skagit County, Washington!!In public school!!Estimate","Skagit County, Washington!!Percent in public school!!Estimate","Skagit County, Washington!!In private school!!Estimate","Skagit County, Washington!!Percent in private school!!Estimate","Skamania County, Washington!!Total!!Estimate","Skamania County, Washington!!Percent!!Estimate","Skamania County, Washington!!In public school!!Estimate","Skamania County, Washington!!Percent in public school!!Estimate","Skamania County, Washington!!In private school!!Estimate","Skamania County, Washington!!Percent in private school!!Estimate","Snohomish County, Washington!!Total!!Estimate","Snohomish County, Washington!!Percent!!Estimate","Snohomish County, Washington!!In public school!!Estimate","Snohomish County, Washington!!Percent in public school!!Estimate","Snohomish County, Washington!!In private school!!Estimate","Snohomish County, Washington!!Percent in private school!!Estimate","Spokane County, Washington!!Total!!Estimate","Spokane County, Washington!!Percent!!Estimate","Spokane County, Washington!!In public school!!Estimate","Spokane County, Washington!!Percent in public school!!Estimate","Spokane County, Washington!!In private school!!Estimate","Spokane County, Washington!!Percent in private school!!Estimate","Stevens County, Washington!!Total!!Estimate","Stevens County, Washington!!Percent!!Estimate","Stevens County, Washington!!In public school!!Estimate","Stevens County, Washington!!Percent in public school!!Estimate","Stevens County, Washington!!In private school!!Estimate","Stevens County, Washington!!Percent in private school!!Estimate","Thurston County, Washington!!Total!!Estimate","Thurston County, Washington!!Percent!!Estimate","Thurston County, Washington!!In public school!!Estimate","Thurston County, Washington!!Percent in public school!!Estimate","Thurston County, Washington!!In private school!!Estimate","Thurston County, Washington!!Percent in private school!!Estimate","Wahkiakum County, Washington!!Total!!Estimate","Wahkiakum County, Washington!!Percent!!Estimate","Wahkiakum County, Washington!!In public school!!Estimate","Wahkiakum County, Washington!!Percent in public school!!Estimate","Wahkiakum County, Washington!!In private school!!Estimate","Wahkiakum County, Washington!!Percent in private school!!Estimate","Walla Walla County, Washington!!Total!!Estimate","Walla Walla County, Washington!!Percent!!Estimate","Walla Walla County, Washington!!In public school!!Estimate","Walla Walla County, Washington!!Percent in public school!!Estimate","Walla Walla County, Washington!!In private school!!Estimate","Walla Walla County, Washington!!Percent in private school!!Estimate","Whatcom County, Washington!!Total!!Estimate","Whatcom County, Washington!!Percent!!Estimate","Whatcom County, Washington!!In public school!!Estimate","Whatcom County, Washington!!Percent in public school!!Estimate","Whatcom County, Washington!!In private school!!Estimate","Whatcom County, Washington!!Percent in private school!!Estimate","Whitman County, Washington!!Total!!Estimate","Whitman County, Washington!!Percent!!Estimate","Whitman County, Washington!!In public school!!Estimate","Whitman County, Washington!!Percent in public school!!Estimate","Whitman County, Washington!!In private school!!Estimate","Whitman County, Washington!!Percent in private school!!Estimate","Yakima County, Washington!!Total!!Estimate","Yakima County, Washington!!Percent!!Estimate","Yakima County, Washington!!In public school!!Estimate","Yakima County, Washington!!Percent in public school!!Estimate","Yakima County, Washington!!In private school!!Estimate","Yakima County, Washington!!Percent in private school!!Estimate"
"Population 3 years and over enrolled in school","1,766,556","(X)","(X)","84.0%","(X)","16.0%","6,133","(X)","(X)","95.3%","(X)","4.7%","4,221","(X)","(X)","88.2%","(X)","11.8%","53,279","(X)","(X)","87.5%","(X)","12.5%","17,955","(X)","(X)","87.9%","(X)","12.1%","12,434","(X)","(X)","81.5%","(X)","18.5%","116,658","(X)","(X)","86.6%","(X)","13.4%","693","(X)","(X)","89.3%","(X)","10.7%","23,538","(X)","(X)","87.9%","(X)","12.1%","10,232","(X)","(X)","92.5%","(X)","7.5%","1,151","(X)","(X)","91.4%","(X)","8.6%","28,006","(X)","(X)","90.5%","(X)","9.5%","403","(X)","(X)","92.1%","(X)","7.9%","26,658","(X)","(X)","92.0%","(X)","8.0%","14,122","(X)","(X)","92.7%","(X)","7.3%","15,735","(X)","(X)","81.4%","(X)","18.6%","3,842","(X)","(X)","82.1%","(X)","17.9%","506,577","(X)","(X)","80.5%","(X)","19.5%","57,188","(X)","(X)","83.9%","(X)","16.1%","13,375","(X)","(X)","92.4%","(X)","7.6%","3,876","(X)","(X)","80.6%","(X)","19.4%","17,368","(X)","(X)","87.1%","(X)","12.9%","2,090","(X)","(X)","94.7%","(X)","5.3%","12,363","(X)","(X)","89.4%","(X)","10.6%","9,034","(X)","(X)","87.7%","(X)","12.3%","3,630","(X)","(X)","93.6%","(X)","6.4%","2,338","(X)","(X)","81.9%","(X)","18.1%","217,214","(X)","(X)","82.9%","(X)","17.1%","2,315","(X)","(X)","77.1%","(X)","22.9%","27,791","(X)","(X)","83.8%","(X)","16.2%","2,044","(X)","(X)","89.4%","(X)","10.6%","186,717","(X)","(X)","84.1%","(X)","15.9%","129,461","(X)","(X)","81.1%","(X)","18.9%","9,141","(X)","(X)","84.4%","(X)","15.6%","65,015","(X)","(X)","83.6%","(X)","16.4%","678","(X)","(X)","73.3%","(X)","26.7%","16,525","(X)","(X)","77.1%","(X)","22.9%","55,193","(X)","(X)","88.2%","(X)","11.8%","22,026","(X)","(X)","95.0%","(X)","5.0%","69,537","(X)","(X)","90.3%","(X)","9.7%"
"    Nursery school, preschool","107,091","6.1%","51,222","47.8%","55,869","52.2%","238","3.9%","218","91.6%","20","8.4%","387","9.2%","264","68.2%","123","31.8%","3,030","5.7%","1,588","52.4%","1,442","47.6%","923","5.1%","539","58.4%","384","41.6%","829","6.7%","424","51.1%","405","48.9%","6,237","5.3%","3,107","49.8%","3,130","50.2%","16","2.3%","0","0.0%","16","100.0%","1,497","6.4%","776","51.8%","721","48.2%","504","4.9%","301","59.7%","203","40.3%","95","8.3%","95","100.0%","0","0.0%","1,409","5.0%","820","58.2%","589","41.8%","18","4.5%","18","100.0%","0","0.0%","1,517","5.7%","1,226","80.8%","291","19.2%","711","5.0%","476","66.9%","235","33.1%","1,374","8.7%","633","46.1%","741","53.9%","120","3.1%","68","56.7%","52","43.3%","34,565","6.8%","12,939","37.4%","21,626","62.6%","3,845","6.7%","1,769","46.0%","2,076","54.0%","416","3.1%","210","50.5%","206","49.5%","204","5.3%","80","39.2%","124","60.8%","1,012","5.8%","687","67.9%","325","32.1%","145","6.9%","119","82.1%","26","17.9%","519","4.2%","220","42.4%","299","57.6%","536","5.9%","357","66.6%","179","33.4%","208","5.7%","184","88.5%","24","11.5%","164","7.0%","144","87.8%","20","12.2%","12,316","5.7%","6,689","54.3%","5,627","45.7%","134","5.8%","48","35.8%","86","64.2%","1,837","6.6%","967","52.6%","870","47.4%","81","4.0%","63","77.8%","18","22.2%","11,891","6.4%","4,583","38.5%","7,308","61.5%","7,881","6.1%","4,413","56.0%","3,468","44.0%","617","6.7%","430","69.7%","187","30.3%","4,252","6.5%","2,073","48.8%","2,179","51.2%","41","6.0%","30","73.2%","11","26.8%","680","4.1%","268","39.4%","412","60.6%","2,545","4.6%","1,460","57.4%","1,085","42.6%","439","2.0%","213","48.5%","226","51.5%","3,858","5.5%","2,723","70.6%","1,135","29.4%"
"    Kindergarten to 12th grade","1,202,441","68.1%","1,069,439","88.9%","133,002","11.1%","5,310","86.6%","5,087","95.8%","223","4.2%","3,214","76.1%","2,913","90.6%","301","9.4%","40,302","75.6%","36,930","91.6%","3,372","8.4%","13,329","74.2%","12,185","91.4%","1,144","8.6%","9,056","72.8%","7,649","84.5%","1,407","15.5%","86,714","74.3%","78,730","90.8%","7,984","9.2%","482","69.6%","447","92.7%","35","7.3%","17,119","72.7%","15,597","91.1%","1,522","8.9%","8,254","80.7%","7,988","96.8%","266","3.2%","957","83.1%","872","91.1%","85","8.9%","21,965","78.4%","20,552","93.6%","1,413","6.4%","337","83.6%","305","90.5%","32","9.5%","21,242","79.7%","19,934","93.8%","1,308","6.2%","11,345","80.3%","10,745","94.7%","600","5.3%","10,554","67.1%","9,117","86.4%","1,437","13.6%","2,921","76.0%","2,585","88.5%","336","11.5%","318,568","62.9%","275,525","86.5%","43,043","13.5%","40,022","70.0%","35,233","88.0%","4,789","12.0%","5,786","43.3%","5,200","89.9%","586","10.1%","3,103","80.1%","2,575","83.0%","528","17.0%","13,127","75.6%","11,738","89.4%","1,389","10.6%","1,792","85.7%","1,724","96.2%","68","3.8%","9,524","77.0%","9,025","94.8%","499","5.2%","7,017","77.7%","6,318","90.0%","699","10.0%","2,780","76.6%","2,597","93.4%","183","6.6%","1,903","81.4%","1,531","80.5%","372","19.5%","151,916","69.9%","133,864","88.1%","18,052","11.9%","1,819","78.6%","1,522","83.7%","297","16.3%","20,498","73.8%","17,901","87.3%","2,597","12.7%","1,559","76.3%","1,429","91.7%","130","8.3%","132,669","71.1%","118,114","89.0%","14,555","11.0%","84,147","65.0%","74,008","88.0%","10,139","12.0%","7,535","82.4%","6,507","86.4%","1,028","13.6%","44,026","67.7%","39,643","90.0%","4,383","10.0%","546","80.5%","415","76.0%","131","24.0%","10,097","61.1%","9,394","93.0%","703","7.0%","31,379","56.9%","27,670","88.2%","3,709","11.8%","4,956","22.5%","4,438","89.5%","518","10.5%","54,571","78.5%","51,432","94.2%","3,139","5.8%"
"        Kindergarten","92,638","5.2%","77,608","83.8%","15,030","16.2%","304","5.0%","294","96.7%","10","3.3%","231","5.5%","177","76.6%","54","23.4%","3,284","6.2%","3,015","91.8%","269","8.2%","890","5.0%","748","84.0%","142","16.0%","1,140","9.2%","907","79.6%","233","20.4%","6,750","5.8%","5,902","87.4%","848","12.6%","45","6.5%","17","37.8%","28","62.2%","1,294","5.5%","1,134","87.6%","160","12.4%","385","3.8%","374","97.1%","11","2.9%","68","5.9%","64","94.1%","4","5.9%","1,975","7.1%","1,768","89.5%","207","10.5%","22","5.5%","16","72.7%","6","27.3%","1,674","6.3%","1,596","95.3%","78","4.7%","540","3.8%","512","94.8%","28","5.2%","733","4.7%","652","88.9%","81","11.1%","247","6.4%","233","94.3%","14","5.7%","25,317","5.0%","20,296","80.2%","5,021","19.8%","3,240","5.7%","2,638","81.4%","602","18.6%","428","3.2%","312","72.9%","116","27.1%","196","5.1%","170","86.7%","26","13.3%","1,125","6.5%","907","80.6%","218","19.4%","158","7.6%","158","100.0%","0","0.0%","737","6.0%","666","90.4%","71","9.6%","788","8.7%","657","83.4%","131","16.6%","249","6.9%","249","100.0%","0","0.0%","145","6.2%","97","66.9%","48","33.1%","11,915","5.5%","9,897","83.1%","2,018","16.9%","75","3.2%","55","73.3%","20","26.7%","1,932","7.0%","1,493","77.3%","439","22.7%","113","5.5%","99","87.6%","14","12.4%","9,671","5.2%","7,741","80.0%","1,930","20.0%","5,777","4.5%","4,766","82.5%","1,011","17.5%","571","6.2%","462","80.9%","109","19.1%","2,903","4.5%","2,509","86.4%","394","13.6%","52","7.7%","33","63.5%","19","36.5%","611","3.7%","542","88.7%","69","11.3%","2,837","5.1%","2,550","89.9%","287","10.1%","361","1.6%","326","90.3%","35","9.7%","3,855","5.5%","3,576","92.8%","279","7.2%"
"        Elementary: grade 1 to grade 4","363,818","20.6%","317,289","87.2%","46,529","12.8%","1,828","29.8%","1,722","94.2%","106","5.8%","965","22.9%","856","88.7%","109","11.3%","12,357","23.2%","10,874","88.0%","1,483","12.0%","4,119","22.9%","3,724","90.4%","395","9.6%","2,391","19.2%","1,767","73.9%","624","26.1%","26,157","22.4%","23,071","88.2%","3,086","11.8%","171","24.7%","171","100.0%","0","0.0%","5,023","21.3%","4,605","91.7%","418","8.3%","2,808","27.4%","2,723","97.0%","85","3.0%","342","29.7%","279","81.6%","63","18.4%","5,589","20.0%","5,177","92.6%","412","7.4%","70","17.4%","64","91.4%","6","8.6%","6,691","25.1%","6,064","90.6%","627","9.4%","3,480","24.6%","3,287","94.5%","193","5.5%","3,287","20.9%","2,798","85.1%","489","14.9%","1,008","26.2%","854","84.7%","154","15.3%","96,215","19.0%","83,550","86.8%","12,665","13.2%","12,368","21.6%","10,779","87.2%","1,589","12.8%","1,824","13.6%","1,518","83.2%","306","16.8%","738","19.0%","663","89.8%","75","10.2%","3,562","20.5%","2,939","82.5%","623","17.5%","417","20.0%","406","97.4%","11","2.6%","2,801","22.7%","2,677","95.6%","124","4.4%","2,268","25.1%","1,961","86.5%","307","13.5%","767","21.1%","694","90.5%","73","9.5%","495","21.2%","367","74.1%","128","25.9%","46,696","21.5%","40,014","85.7%","6,682","14.3%","505","21.8%","403","79.8%","102","20.2%","5,914","21.3%","4,933","83.4%","981","16.6%","422","20.6%","393","93.1%","29","6.9%","40,376","21.6%","35,029","86.8%","5,347","13.2%","26,231","20.3%","22,119","84.3%","4,112","15.7%","2,189","23.9%","1,713","78.3%","476","21.7%","13,251","20.4%","11,481","86.6%","1,770","13.4%","248","36.6%","215","86.7%","33","13.3%","2,708","16.4%","2,415","89.2%","293","10.8%","9,384","17.0%","8,098","86.3%","1,286","13.7%","1,795","8.1%","1,580","88.0%","215","12.0%","16,358","23.5%","15,306","93.6%","1,052","6.4%"
"        Elementary: grade 5 to grade 8","376,216","21.3%","334,730","89.0%","41,486","11.0%","1,749","28.5%","1,662","95.0%","87","5.0%","972","23.0%","892","91.8%","80","8.2%","12,082","22.7%","11,119","92.0%","963","8.0%","4,197","23.4%","3,802","90.6%","395","9.4%","2,748","22.1%","2,421","88.1%","327","11.9%","26,096","22.4%","23,825","91.3%","2,271","8.7%","177","25.5%","170","96.0%","7","4.0%","5,696","24.2%","5,221","91.7%","475","8.3%","2,554","25.0%","2,429","95.1%","125","4.9%","200","17.4%","194","97.0%","6","3.0%","7,803","27.9%","7,320","93.8%","483","6.2%","106","26.3%","93","87.7%","13","12.3%","6,435","24.1%","6,126","95.2%","309","4.8%","3,867","27.4%","3,645","94.3%","222","5.7%","3,750","23.8%","3,216","85.8%","534","14.2%","999","26.0%","864","86.5%","135","13.5%","99,531","19.6%","85,048","85.4%","14,483","14.6%","12,067","21.1%","10,771","89.3%","1,296","10.7%","1,785","13.3%","1,647","92.3%","138","7.7%","1,277","32.9%","952","74.5%","325","25.5%","4,226","24.3%","3,967","93.9%","259","6.1%","523","25.0%","515","98.5%","8","1.5%","2,740","22.2%","2,531","92.4%","209","7.6%","1,982","21.9%","1,856","93.6%","126","6.4%","889","24.5%","842","94.7%","47","5.3%","588","25.1%","480","81.6%","108","18.4%","47,448","21.8%","41,775","88.0%","5,673","12.0%","595","25.7%","494","83.0%","101","17.0%","6,423","23.1%","5,663","88.2%","760","11.8%","548","26.8%","465","84.9%","83","15.1%","41,433","22.2%","37,150","89.7%","4,283","10.3%","26,883","20.8%","24,129","89.8%","2,754","10.2%","2,124","23.2%","1,876","88.3%","248","11.7%","14,031","21.6%","12,636","90.1%","1,395","9.9%","100","14.7%","29","29.0%","71","71.0%","3,275","19.8%","3,100","94.7%","175","5.3%","9,532","17.3%","8,172","85.7%","1,360","14.3%","1,495","6.8%","1,301","87.0%","194","13.0%","17,290","24.9%","16,332","94.5%","958","5.5%"
"        High school: grade 9 to grade 12","369,769","20.9%","339,812","91.9%","29,957","8.1%","1,429","23.3%","1,409","98.6%","20","1.4%","1,046","24.8%","988","94.5%","58","5.5%","12,579","23.6%","11,922","94.8%","657","5.2%","4,123","23.0%","3,911","94.9%","212","5.1%","2,777","22.3%","2,554","92.0%","223","8.0%","27,711","23.8%","25,932","93.6%","1,779","6.4%","89","12.8%","89","100.0%","0","0.0%","5,106","21.7%","4,637","90.8%","469","9.2%","2,507","24.5%","2,462","98.2%","45","1.8%","347","30.1%","335","96.5%","12","3.5%","6,598","23.6%","6,287","95.3%","311","4.7%","139","34.5%","132","95.0%","7","5.0%","6,442","24.2%","6,148","95.4%","294","4.6%","3,458","24.5%","3,301","95.5%","157","4.5%","2,784","17.7%","2,451","88.0%","333","12.0%","667","17.4%","634","95.1%","33","4.9%","97,505","19.2%","86,631","88.8%","10,874","11.2%","12,347","21.6%","11,045","89.5%","1,302","10.5%","1,749","13.1%","1,723","98.5%","26","1.5%","892","23.0%","790","88.6%","102","11.4%","4,214","24.3%","3,925","93.1%","289","6.9%","694","33.2%","645","92.9%","49","7.1%","3,246","26.3%","3,151","97.1%","95","2.9%","1,979","21.9%","1,844","93.2%","135","6.8%","875","24.1%","812","92.8%","63","7.2%","675","28.9%","587","87.0%","88","13.0%","45,857","21.1%","42,178","92.0%","3,679","8.0%","644","27.8%","570","88.5%","74","11.5%","6,229","22.4%","5,812","93.3%","417","6.7%","476","23.3%","472","99.2%","4","0.8%","41,189","22.1%","38,194","92.7%","2,995","7.3%","25,256","19.5%","22,994","91.0%","2,262","9.0%","2,651","29.0%","2,456","92.6%","195","7.4%","13,841","21.3%","13,017","94.0%","824","6.0%","146","21.5%","138","94.5%","8","5.5%","3,503","21.2%","3,337","95.3%","166","4.7%","9,626","17.4%","8,850","91.9%","776","8.1%","1,305","5.9%","1,231","94.3%","74","5.7%","17,068","24.5%","16,218","95.0%","850","5.0%"
"    College, undergraduate","363,769","20.6%","302,396","83.1%","61,373","16.9%","535","8.7%","523","97.8%","12","2.2%","579","13.7%","517","89.3%","62","10.7%","8,021","15.1%","6,842","85.3%","1,179","14.7%","3,105","17.3%","2,819","90.8%","286","9.2%","2,082","16.7%","1,780","85.5%","302","14.5%","19,502","16.7%","16,687","85.6%","2,815","14.4%","160","23.1%","137","85.6%","23","14.4%","4,260","18.1%","3,802","89.2%","458","10.8%","1,270","12.4%","1,068","84.1%","202","15.9%","87","7.6%","73","83.9%","14","16.1%","3,766","13.4%","3,338","88.6%","428","11.4%","48","11.9%","48","100.0%","0","0.0%","3,256","12.2%","2,989","91.8%","267","8.2%","1,763","12.5%","1,632","92.6%","131","7.4%","3,126","19.9%","2,551","81.6%","575","18.4%","643","16.7%","475","73.9%","168","26.1%","112,193","22.1%","93,056","82.9%","19,137","17.1%","10,930","19.1%","9,397","86.0%","1,533","14.0%","6,412","47.9%","6,248","97.4%","164","2.6%","429","11.1%","356","83.0%","73","17.0%","2,694","15.5%","2,396","88.9%","298","11.1%","123","5.9%","111","90.2%","12","9.8%","1,789","14.5%","1,507","84.2%","282","15.8%","1,144","12.7%","998","87.2%","146","12.8%","583","16.1%","570","97.8%","13","2.2%","213","9.1%","194","91.1%","19","8.9%","42,471","19.6%","32,906","77.5%","9,565","22.5%","229","9.9%","170","74.2%","59","25.8%","4,434","16.0%","3,823","86.2%","611","13.8%","354","17.3%","308","87.0%","46","13.0%","34,059","18.2%","29,034","85.2%","5,025","14.8%","31,560","24.4%","22,821","72.3%","8,739","27.7%","834","9.1%","669","80.2%","165","19.8%","13,777","21.2%","10,687","77.6%","3,090","22.4%","81","11.9%","52","64.2%","29","35.8%","5,169","31.3%","2,726","52.7%","2,443","47.3%","19,255","34.9%","18,015","93.6%","1,240","6.4%","13,784","62.6%","13,565","98.4%","219","1.6%","9,049","13.0%","7,506","82.9%","1,543","17.1%"
"    Graduate, professional school","93,255","5.3%","60,228","64.6%","33,027","35.4%","50","0.8%","19","38.0%","31","62.0%","41","1.0%","31","75.6%","10","24.4%","1,926","3.6%","1,282","66.6%","644","33.4%","598","3.3%","233","39.0%","365","61.0%","467","3.8%","277","59.3%","190","40.7%","4,205","3.6%","2,491","59.2%","1,714","40.8%","35","5.1%","35","100.0%","0","0.0%","662","2.8%","506","76.4%","156","23.6%","204","2.0%","111","54.4%","93","45.6%","12","1.0%","12","100.0%","0","0.0%","866","3.1%","636","73.4%","230","26.6%","0","0.0%","0","-","0","-","643","2.4%","378","58.8%","265","41.2%","303","2.1%","238","78.5%","65","21.5%","681","4.3%","515","75.6%","166","24.4%","158","4.1%","27","17.1%","131","82.9%","41,251","8.1%","26,092","63.3%","15,159","36.7%","2,391","4.2%","1,579","66.0%","812","34.0%","761","5.7%","703","92.4%","58","7.6%","140","3.6%","113","80.7%","27","19.3%","535","3.1%","312","58.3%","223","41.7%","30","1.4%","25","83.3%","5","16.7%","531","4.3%","305","57.4%","226","42.6%","337","3.7%","252","74.8%","85","25.2%","59","1.6%","46","78.0%","13","22.0%","58","2.5%","46","79.3%","12","20.7%","10,511","4.8%","6,518","62.0%","3,993","38.0%","133","5.7%","45","33.8%","88","66.2%","1,022","3.7%","591","57.8%","431","42.2%","50","2.4%","27","54.0%","23","46.0%","8,098","4.3%","5,320","65.7%","2,778","34.3%","5,873","4.5%","3,687","62.8%","2,186","37.2%","155","1.7%","108","69.7%","47","30.3%","2,960","4.6%","1,934","65.3%","1,026","34.7%","10","1.5%","0","0.0%","10","100.0%","579","3.5%","348","60.1%","231","39.9%","2,014","3.6%","1,554","77.2%","460","22.8%","2,847","12.9%","2,700","94.8%","147","5.2%","2,059","3.0%","1,132","55.0%","927","45.0%"
"Population enrolled in college or graduate school","457,024","25.9%","362,624","79.3%","94,400","20.7%","585","9.5%","542","92.6%","43","7.4%","620","14.7%","548","88.4%","72","11.6%","9,947","18.7%","8,124","81.7%","1,823","18.3%","3,703","20.6%","3,052","82.4%","651","17.6%","2,549","20.5%","2,057","80.7%","492","19.3%","23,707","20.3%","19,178","80.9%","4,529","19.1%","195","28.1%","172","88.2%","23","11.8%","4,922","20.9%","4,308","87.5%","614","12.5%","1,474","14.4%","1,179","80.0%","295","20.0%","99","8.6%","85","85.9%","14","14.1%","4,632","16.5%","3,974","85.8%","658","14.2%","48","11.9%","48","100.0%","0","0.0%","3,899","14.6%","3,367","86.4%","532","13.6%","2,066","14.6%","1,870","90.5%","196","9.5%","3,807","24.2%","3,066","80.5%","741","19.5%","801","20.8%","502","62.7%","299","37.3%","153,444","30.3%","119,148","77.6%","34,296","22.4%","13,321","23.3%","10,976","82.4%","2,345","17.6%","7,173","53.6%","6,951","96.9%","222","3.1%","569","14.7%","469","82.4%","100","17.6%","3,229","18.6%","2,708","83.9%","521","16.1%","153","7.3%","136","88.9%","17","11.1%","2,320","18.8%","1,812","78.1%","508","21.9%","1,481","16.4%","1,250","84.4%","231","15.6%","642","17.7%","616","96.0%","26","4.0%","271","11.6%","240","88.6%","31","11.4%","52,982","24.4%","39,424","74.4%","13,558","25.6%","362","15.6%","215","59.4%","147","40.6%","5,456","19.6%","4,414","80.9%","1,042","19.1%","404","19.8%","335","82.9%","69","17.1%","42,157","22.6%","34,354","81.5%","7,803","18.5%","37,433","28.9%","26,508","70.8%","10,925","29.2%","989","10.8%","777","78.6%","212","21.4%","16,737","25.7%","12,621","75.4%","4,116","24.6%","91","13.4%","52","57.1%","39","42.9%","5,748","34.8%","3,074","53.5%","2,674","46.5%","21,269","38.5%","19,569","92.0%","1,700","8.0%","16,631","75.5%","16,265","97.8%","366","2.2%","11,108","16.0%","8,638","77.8%","2,470","22.2%"
"    Males enrolled in college or graduate school","208,420","23.6%","166,738","80.0%","41,682","20.0%","155","5.1%","150","96.8%","5","3.2%","251","11.8%","251","100.0%","0","0.0%","4,332","16.1%","3,339","77.1%","993","22.9%","1,469","16.7%","1,195","81.3%","274","18.7%","1,238","20.2%","1,005","81.2%","233","18.8%","10,160","17.6%","8,459","83.3%","1,701","16.7%","76","19.9%","70","92.1%","6","7.9%","1,907","16.4%","1,809","94.9%","98","5.1%","725","14.1%","613","84.6%","112","15.4%","44","7.2%","44","100.0%","0","0.0%","2,207","16.2%","1,960","88.8%","247","11.2%","30","14.4%","30","100.0%","0","0.0%","1,723","12.9%","1,603","93.0%","120","7.0%","960","13.7%","905","94.3%","55","5.7%","1,597","21.2%","1,336","83.7%","261","16.3%","332","16.8%","225","67.8%","107","32.2%","70,730","28.3%","56,189","79.4%","14,541","20.6%","6,466","21.9%","5,402","83.5%","1,064","16.5%","3,218","50.5%","3,098","96.3%","120","3.7%","190","9.6%","150","78.9%","40","21.1%","1,113","13.0%","988","88.8%","125","11.2%","76","6.4%","71","93.4%","5","6.6%","938","14.7%","703","74.9%","235","25.1%","423","9.8%","351","83.0%","72","17.0%","364","18.7%","356","97.8%","8","2.2%","99","7.5%","96","97.0%","3","3.0%","24,139","22.2%","17,877","74.1%","6,262","25.9%","141","12.5%","72","51.1%","69","48.9%","2,621","18.4%","2,016","76.9%","605","23.1%","176","17.0%","150","85.2%","26","14.8%","18,744","20.1%","15,199","81.1%","3,545","18.9%","17,847","27.3%","12,466","69.8%","5,381","30.2%","451","9.6%","330","73.2%","121","26.8%","7,887","23.6%","6,036","76.5%","1,851","23.5%","22","5.7%","4","18.2%","18","81.8%","3,011","35.5%","1,624","53.9%","1,387","46.1%","9,786","35.6%","9,021","92.2%","765","7.8%","8,389","75.5%","8,188","97.6%","201","2.4%","4,383","12.8%","3,357","76.6%","1,026","23.4%"
"    Females enrolled in college or graduate school","248,604","28.1%","195,886","78.8%","52,718","21.2%","430","13.9%","392","91.2%","38","8.8%","369","17.6%","297","80.5%","72","19.5%","5,615","21.2%","4,785","85.2%","830","14.8%","2,234","24.5%","1,857","83.1%","377","16.9%","1,311","20.8%","1,052","80.2%","259","19.8%","13,547","22.9%","10,719","79.1%","2,828","20.9%","119","38.3%","102","85.7%","17","14.3%","3,015","25.3%","2,499","82.9%","516","17.1%","749","14.7%","566","75.6%","183","24.4%","55","10.1%","41","74.5%","14","25.5%","2,425","16.9%","2,014","83.1%","411","16.9%","18","9.2%","18","100.0%","0","0.0%","2,176","16.4%","1,764","81.1%","412","18.9%","1,106","15.6%","965","87.3%","141","12.7%","2,210","26.9%","1,730","78.3%","480","21.7%","469","25.2%","277","59.1%","192","40.9%","82,714","32.3%","62,959","76.1%","19,755","23.9%","6,855","24.7%","5,574","81.3%","1,281","18.7%","3,955","56.5%","3,853","97.4%","102","2.6%","379","19.9%","319","84.2%","60","15.8%","2,116","24.1%","1,720","81.3%","396","18.7%","77","8.5%","65","84.4%","12","15.6%","1,382","23.1%","1,109","80.2%","273","19.8%","1,058","22.4%","899","85.0%","159","15.0%","278","16.5%","260","93.5%","18","6.5%","172","16.8%","144","83.7%","28","16.3%","28,843","26.6%","21,547","74.7%","7,296","25.3%","221","18.6%","143","64.7%","78","35.3%","2,835","20.9%","2,398","84.6%","437","15.4%","228","22.6%","185","81.1%","43","18.9%","23,413","25.1%","19,155","81.8%","4,258","18.2%","19,586","30.6%","14,042","71.7%","5,544","28.3%","538","12.1%","447","83.1%","91","16.9%","8,850","28.1%","6,585","74.4%","2,265","25.6%","69","23.9%","48","69.6%","21","30.4%","2,737","34.0%","1,450","53.0%","1,287","47.0%","11,483","41.5%","10,548","91.9%","935","8.1%","8,242","75.5%","8,077","98.0%","165","2.0%","6,725","19.0%","5,281","78.5%","1,444","21.5%"
"Population 3 to 4 years","186,538","(X)","(X)","(X)","(X)","(X)","643","(X)","(X)","(X)","(X)","(X)","639","(X)","(X)","(X)","(X)","(X)","5,632","(X)","(X)","(X)","(X)","(X)","1,898","(X)","(X)","(X)","(X)","(X)","1,548","(X)","(X)","(X)","(X)","(X)","12,346","(X)","(X)","(X)","(X)","(X)","56","(X)","(X)","(X)","(X)","(X)","3,197","(X)","(X)","(X)","(X)","(X)","1,345","(X)","(X)","(X)","(X)","(X)","156","(X)","(X)","(X)","(X)","(X)","3,249","(X)","(X)","(X)","(X)","(X)","26","(X)","(X)","(X)","(X)","(X)","3,059","(X)","(X)","(X)","(X)","(X)","1,675","(X)","(X)","(X)","(X)","(X)","2,211","(X)","(X)","(X)","(X)","(X)","282","(X)","(X)","(X)","(X)","(X)","51,472","(X)","(X)","(X)","(X)","(X)","6,446","(X)","(X)","(X)","(X)","(X)","750","(X)","(X)","(X)","(X)","(X)","466","(X)","(X)","(X)","(X)","(X)","2,073","(X)","(X)","(X)","(X)","(X)","278","(X)","(X)","(X)","(X)","(X)","1,220","(X)","(X)","(X)","(X)","(X)","958","(X)","(X)","(X)","(X)","(X)","246","(X)","(X)","(X)","(X)","(X)","258","(X)","(X)","(X)","(X)","(X)","23,415","(X)","(X)","(X)","(X)","(X)","217","(X)","(X)","(X)","(X)","(X)","3,137","(X)","(X)","(X)","(X)","(X)","201","(X)","(X)","(X)","(X)","(X)","21,196","(X)","(X)","(X)","(X)","(X)","13,033","(X)","(X)","(X)","(X)","(X)","1,068","(X)","(X)","(X)","(X)","(X)","7,020","(X)","(X)","(X)","(X)","(X)","26","(X)","(X)","(X)","(X)","(X)","1,107","(X)","(X)","(X)","(X)","(X)","4,757","(X)","(X)","(X)","(X)","(X)","661","(X)","(X)","(X)","(X)","(X)","8,571","(X)","(X)","(X)","(X)","(X)"
"    3 to 4 year olds enrolled in school","79,975","42.9%","37,556","47.0%","42,419","53.0%","194","30.2%","176","90.7%","18","9.3%","295","46.2%","195","66.1%","100","33.9%","2,001","35.5%","984","49.2%","1,017","50.8%","763","40.2%","438","57.4%","325","42.6%","731","47.2%","381","52.1%","350","47.9%","4,715","38.2%","2,396","50.8%","2,319","49.2%","16","28.6%","0","0.0%","16","100.0%","1,169","36.6%","592","50.6%","577","49.4%","425","31.6%","240","56.5%","185","43.5%","72","46.2%","72","100.0%","0","0.0%","1,172","36.1%","680","58.0%","492","42.0%","9","34.6%","9","100.0%","0","0.0%","1,225","40.0%","1,018","83.1%","207","16.9%","601","35.9%","408","67.9%","193","32.1%","1,066","48.2%","497","46.6%","569","53.4%","80","28.4%","54","67.5%","26","32.5%","26,381","51.3%","9,848","37.3%","16,533","62.7%","3,118","48.4%","1,464","47.0%","1,654","53.0%","298","39.7%","125","41.9%","173","58.1%","163","35.0%","60","36.8%","103","63.2%","755","36.4%","514","68.1%","241","31.9%","110","39.6%","87","79.1%","23","20.9%","258","21.1%","89","34.5%","169","65.5%","317","33.1%","181","57.1%","136","42.9%","140","56.9%","121","86.4%","19","13.6%","115","44.6%","104","90.4%","11","9.6%","8,704","37.2%","4,664","53.6%","4,040","46.4%","83","38.2%","33","39.8%","50","60.2%","1,487","47.4%","666","44.8%","821","55.2%","45","22.4%","34","75.6%","11","24.4%","9,384","44.3%","3,611","38.5%","5,773","61.5%","5,610","43.0%","3,311","59.0%","2,299","41.0%","408","38.2%","219","53.7%","189","46.3%","2,889","41.2%","1,171","40.5%","1,718","59.5%","23","88.5%","0","0.0%","23","100.0%","492","44.4%","177","36.0%","315","64.0%","1,770","37.2%","869","49.1%","901","50.9%","309","46.7%","137","44.3%","172","55.7%","2,582","30.1%","1,931","74.8%","651","25.2%"
"Population 5 to 9 years","465,882","(X)","(X)","(X)","(X)","(X)","1,910","(X)","(X)","(X)","(X)","(X)","1,038","(X)","(X)","(X)","(X)","(X)","16,528","(X)","(X)","(X)","(X)","(X)","5,186","(X)","(X)","(X)","(X)","(X)","3,849","(X)","(X)","(X)","(X)","(X)","32,741","(X)","(X)","(X)","(X)","(X)","263","(X)","(X)","(X)","(X)","(X)","6,670","(X)","(X)","(X)","(X)","(X)","2,966","(X)","(X)","(X)","(X)","(X)","400","(X)","(X)","(X)","(X)","(X)","7,581","(X)","(X)","(X)","(X)","(X)","116","(X)","(X)","(X)","(X)","(X)","8,187","(X)","(X)","(X)","(X)","(X)","4,080","(X)","(X)","(X)","(X)","(X)","3,863","(X)","(X)","(X)","(X)","(X)","1,217","(X)","(X)","(X)","(X)","(X)","123,870","(X)","(X)","(X)","(X)","(X)","15,585","(X)","(X)","(X)","(X)","(X)","2,229","(X)","(X)","(X)","(X)","(X)","996","(X)","(X)","(X)","(X)","(X)","4,805","(X)","(X)","(X)","(X)","(X)","572","(X)","(X)","(X)","(X)","(X)","3,872","(X)","(X)","(X)","(X)","(X)","2,993","(X)","(X)","(X)","(X)","(X)","981","(X)","(X)","(X)","(X)","(X)","745","(X)","(X)","(X)","(X)","(X)","60,421","(X)","(X)","(X)","(X)","(X)","580","(X)","(X)","(X)","(X)","(X)","7,835","(X)","(X)","(X)","(X)","(X)","607","(X)","(X)","(X)","(X)","(X)","50,790","(X)","(X)","(X)","(X)","(X)","32,790","(X)","(X)","(X)","(X)","(X)","2,822","(X)","(X)","(X)","(X)","(X)","17,587","(X)","(X)","(X)","(X)","(X)","268","(X)","(X)","(X)","(X)","(X)","3,239","(X)","(X)","(X)","(X)","(X)","12,502","(X)","(X)","(X)","(X)","(X)","2,282","(X)","(X)","(X)","(X)","(X)","20,916","(X)","(X)","(X)","(X)","(X)"
"    5 to 9 year olds enrolled in school","433,221","93.0%","364,991","84.3%","68,230","15.7%","1,826","95.6%","1,724","94.4%","102","5.6%","1,018","98.1%","832","81.7%","186","18.3%","15,230","92.1%","13,115","86.1%","2,115","13.9%","4,749","91.6%","4,241","89.3%","508","10.7%","3,328","86.5%","2,499","75.1%","829","24.9%","30,547","93.3%","26,309","86.1%","4,238","13.9%","206","78.3%","178","86.4%","28","13.6%","5,868","88.0%","5,217","88.9%","651","11.1%","2,845","95.9%","2,742","96.4%","103","3.6%","380","95.0%","318","83.7%","62","16.3%","6,748","89.0%","6,111","90.6%","637","9.4%","99","85.3%","87","87.9%","12","12.1%","7,741","94.6%","7,036","90.9%","705","9.1%","3,725","91.3%","3,484","93.5%","241","6.5%","3,560","92.2%","2,861","80.4%","699","19.6%","1,185","97.4%","991","83.6%","194","16.4%","116,126","93.7%","95,183","82.0%","20,943","18.0%","14,641","93.9%","12,252","83.7%","2,389","16.3%","2,121","95.2%","1,689","79.6%","432","20.4%","903","90.7%","789","87.4%","114","12.6%","4,442","92.4%","3,587","80.8%","855","19.2%","504","88.1%","490","97.2%","14","2.8%","3,416","88.2%","3,092","90.5%","324","9.5%","2,921","97.6%","2,441","83.6%","480","16.4%","946","96.4%","886","93.7%","60","6.3%","604","81.1%","434","71.9%","170","28.1%","55,967","92.6%","46,904","83.8%","9,063","16.2%","527","90.9%","382","72.5%","145","27.5%","7,298","93.1%","5,957","81.6%","1,341","18.4%","529","87.1%","479","90.5%","50","9.5%","47,601","93.7%","39,607","83.2%","7,994","16.8%","30,619","93.4%","24,815","81.0%","5,804","19.0%","2,637","93.4%","2,122","80.5%","515","19.5%","15,979","90.9%","13,633","85.3%","2,346","14.7%","243","90.7%","211","86.8%","32","13.2%","3,010","92.9%","2,624","87.2%","386","12.8%","11,782","94.2%","10,256","87.0%","1,526","13.0%","2,083","91.3%","1,805","86.7%","278","13.3%","19,267","92.1%","17,608","91.4%","1,659","8.6%"
"Population 10 to 14 years","477,398","(X)","(X)","(X)","(X)","(X)","2,279","(X)","(X)","(X)","(X)","(X)","1,356","(X)","(X)","(X)","(X)","(X)","15,029","(X)","(X)","(X)","(X)","(X)","5,345","(X)","(X)","(X)","(X)","(X)","3,541","(X)","(X)","(X)","(X)","(X)","33,938","(X)","(X)","(X)","(X)","(X)","192","(X)","(X)","(X)","(X)","(X)","7,426","(X)","(X)","(X)","(X)","(X)","3,239","(X)","(X)","(X)","(X)","(X)","314","(X)","(X)","(X)","(X)","(X)","9,683","(X)","(X)","(X)","(X)","(X)","107","(X)","(X)","(X)","(X)","(X)","8,258","(X)","(X)","(X)","(X)","(X)","4,782","(X)","(X)","(X)","(X)","(X)","4,870","(X)","(X)","(X)","(X)","(X)","1,151","(X)","(X)","(X)","(X)","(X)","126,767","(X)","(X)","(X)","(X)","(X)","15,309","(X)","(X)","(X)","(X)","(X)","2,313","(X)","(X)","(X)","(X)","(X)","1,494","(X)","(X)","(X)","(X)","(X)","5,177","(X)","(X)","(X)","(X)","(X)","783","(X)","(X)","(X)","(X)","(X)","3,442","(X)","(X)","(X)","(X)","(X)","2,578","(X)","(X)","(X)","(X)","(X)","1,117","(X)","(X)","(X)","(X)","(X)","721","(X)","(X)","(X)","(X)","(X)","59,910","(X)","(X)","(X)","(X)","(X)","772","(X)","(X)","(X)","(X)","(X)","7,913","(X)","(X)","(X)","(X)","(X)","646","(X)","(X)","(X)","(X)","(X)","52,587","(X)","(X)","(X)","(X)","(X)","33,409","(X)","(X)","(X)","(X)","(X)","2,791","(X)","(X)","(X)","(X)","(X)","17,772","(X)","(X)","(X)","(X)","(X)","227","(X)","(X)","(X)","(X)","(X)","4,030","(X)","(X)","(X)","(X)","(X)","12,048","(X)","(X)","(X)","(X)","(X)","1,828","(X)","(X)","(X)","(X)","(X)","22,254","(X)","(X)","(X)","(X)","(X)"
"    10 to 14 year olds enrolled in school","465,899","97.6%","414,944","89.1%","50,955","10.9%","2,221","97.5%","2,116","95.3%","105","4.7%","1,356","100.0%","1,270","93.7%","86","6.3%","14,710","97.9%","13,676","93.0%","1,034","7.0%","5,294","99.0%","4,827","91.2%","467","8.8%","3,239","91.5%","2,782","85.9%","457","14.1%","33,109","97.6%","30,148","91.1%","2,961","8.9%","192","100.0%","192","100.0%","0","0.0%","6,902","92.9%","6,269","90.8%","633","9.2%","3,187","98.4%","3,051","95.7%","136","4.3%","308","98.1%","297","96.4%","11","3.6%","9,281","95.8%","8,697","93.7%","584","6.3%","107","100.0%","94","87.9%","13","12.1%","8,094","98.0%","7,667","94.7%","427","5.3%","4,580","95.8%","4,334","94.6%","246","5.4%","4,767","97.9%","4,188","87.9%","579","12.1%","1,109","96.4%","985","88.8%","124","11.2%","124,053","97.9%","106,942","86.2%","17,111","13.8%","15,052","98.3%","13,339","88.6%","1,713","11.4%","2,176","94.1%","2,015","92.6%","161","7.4%","1,467","98.2%","1,126","76.8%","341","23.2%","5,117","98.8%","4,742","92.7%","375","7.3%","777","99.2%","769","99.0%","8","1.0%","3,429","99.6%","3,222","94.0%","207","6.0%","2,454","95.2%","2,309","94.1%","145","5.9%","1,105","98.9%","1,035","93.7%","70","6.3%","704","97.6%","581","82.5%","123","17.5%","58,641","97.9%","51,407","87.7%","7,234","12.3%","748","96.9%","628","84.0%","120","16.0%","7,776","98.3%","6,833","87.9%","943","12.1%","644","99.7%","567","88.0%","77","12.0%","51,408","97.8%","46,053","89.6%","5,355","10.4%","32,662","97.8%","29,086","89.1%","3,576","10.9%","2,736","98.0%","2,401","87.8%","335","12.2%","17,478","98.3%","15,623","89.4%","1,855","10.6%","191","84.1%","112","58.6%","79","41.4%","3,914","97.1%","3,670","93.8%","244","6.2%","11,702","97.1%","10,038","85.8%","1,664","14.2%","1,749","95.7%","1,543","88.2%","206","11.8%","21,460","96.4%","20,310","94.6%","1,150","5.4%"
"Population 15 to 17","279,545","(X)","(X)","(X)","(X)","(X)","1,149","(X)","(X)","(X)","(X)","(X)","880","(X)","(X)","(X)","(X)","(X)","9,341","(X)","(X)","(X)","(X)","(X)","3,077","(X)","(X)","(X)","(X)","(X)","2,245","(X)","(X)","(X)","(X)","(X)","21,099","(X)","(X)","(X)","(X)","(X)","67","(X)","(X)","(X)","(X)","(X)","4,362","(X)","(X)","(X)","(X)","(X)","1,909","(X)","(X)","(X)","(X)","(X)","197","(X)","(X)","(X)","(X)","(X)","5,087","(X)","(X)","(X)","(X)","(X)","118","(X)","(X)","(X)","(X)","(X)","4,915","(X)","(X)","(X)","(X)","(X)","2,687","(X)","(X)","(X)","(X)","(X)","2,225","(X)","(X)","(X)","(X)","(X)","619","(X)","(X)","(X)","(X)","(X)","72,970","(X)","(X)","(X)","(X)","(X)","9,278","(X)","(X)","(X)","(X)","(X)","1,272","(X)","(X)","(X)","(X)","(X)","759","(X)","(X)","(X)","(X)","(X)","3,080","(X)","(X)","(X)","(X)","(X)","482","(X)","(X)","(X)","(X)","(X)","2,165","(X)","(X)","(X)","(X)","(X)","1,665","(X)","(X)","(X)","(X)","(X)","677","(X)","(X)","(X)","(X)","(X)","541","(X)","(X)","(X)","(X)","(X)","34,315","(X)","(X)","(X)","(X)","(X)","433","(X)","(X)","(X)","(X)","(X)","4,739","(X)","(X)","(X)","(X)","(X)","395","(X)","(X)","(X)","(X)","(X)","30,733","(X)","(X)","(X)","(X)","(X)","20,030","(X)","(X)","(X)","(X)","(X)","1,921","(X)","(X)","(X)","(X)","(X)","10,474","(X)","(X)","(X)","(X)","(X)","126","(X)","(X)","(X)","(X)","(X)","2,355","(X)","(X)","(X)","(X)","(X)","7,409","(X)","(X)","(X)","(X)","(X)","1,160","(X)","(X)","(X)","(X)","(X)","12,589","(X)","(X)","(X)","(X)","(X)"
"    15 to 17 year olds enrolled in school","270,773","96.9%","247,719","91.5%","23,054","8.5%","1,074","93.5%","1,056","98.3%","18","1.7%","771","87.6%","723","93.8%","48","6.2%","9,108","97.5%","8,593","94.3%","515","5.7%","2,953","96.0%","2,810","95.2%","143","4.8%","2,190","97.6%","2,029","92.6%","161","7.4%","20,424","96.8%","19,207","94.0%","1,217","6.0%","67","100.0%","60","89.6%","7","10.4%","4,070","93.3%","3,742","91.9%","328","8.1%","1,895","99.3%","1,850","97.6%","45","2.4%","197","100.0%","185","93.9%","12","6.1%","5,060","99.5%","4,799","94.8%","261","5.2%","118","100.0%","111","94.1%","7","5.9%","4,856","98.8%","4,614","95.0%","242","5.0%","2,445","91.0%","2,290","93.7%","155","6.3%","2,159","97.0%","1,919","88.9%","240","11.1%","574","92.7%","545","94.9%","29","5.1%","70,956","97.2%","62,276","87.8%","8,680","12.2%","8,912","96.1%","8,078","90.6%","834","9.4%","1,252","98.4%","1,237","98.8%","15","1.2%","696","91.7%","630","90.5%","66","9.5%","2,956","96.0%","2,824","95.5%","132","4.5%","474","98.3%","428","90.3%","46","9.7%","2,155","99.5%","2,088","96.9%","67","3.1%","1,637","98.3%","1,556","95.1%","81","4.9%","667","98.5%","616","92.4%","51","7.6%","530","98.0%","467","88.1%","63","11.9%","33,499","97.6%","30,691","91.6%","2,808","8.4%","414","95.6%","355","85.7%","59","14.3%","4,574","96.5%","4,258","93.1%","316","6.9%","354","89.6%","344","97.2%","10","2.8%","29,717","96.7%","27,404","92.2%","2,313","7.8%","19,366","96.7%","17,611","90.9%","1,755","9.1%","1,782","92.8%","1,647","92.4%","135","7.6%","9,943","94.9%","9,297","93.5%","646","6.5%","108","85.7%","100","92.6%","8","7.4%","2,314","98.3%","2,152","93.0%","162","7.0%","7,222","97.5%","6,568","90.9%","654","9.1%","1,148","99.0%","1,060","92.3%","88","7.7%","12,136","96.4%","11,499","94.8%","637","5.2%"
"Population 18 to 19 years","184,597","(X)","(X)","(X)","(X)","(X)","519","(X)","(X)","(X)","(X)","(X)","417","(X)","(X)","(X)","(X)","(X)","5,109","(X)","(X)","(X)","(X)","(X)","1,764","(X)","(X)","(X)","(X)","(X)","1,333","(X)","(X)","(X)","(X)","(X)","11,547","(X)","(X)","(X)","(X)","(X)","31","(X)","(X)","(X)","(X)","(X)","2,483","(X)","(X)","(X)","(X)","(X)","1,095","(X)","(X)","(X)","(X)","(X)","165","(X)","(X)","(X)","(X)","(X)","2,948","(X)","(X)","(X)","(X)","(X)","99","(X)","(X)","(X)","(X)","(X)","2,939","(X)","(X)","(X)","(X)","(X)","1,583","(X)","(X)","(X)","(X)","(X)","1,742","(X)","(X)","(X)","(X)","(X)","341","(X)","(X)","(X)","(X)","(X)","50,312","(X)","(X)","(X)","(X)","(X)","5,765","(X)","(X)","(X)","(X)","(X)","3,116","(X)","(X)","(X)","(X)","(X)","299","(X)","(X)","(X)","(X)","(X)","1,821","(X)","(X)","(X)","(X)","(X)","227","(X)","(X)","(X)","(X)","(X)","1,360","(X)","(X)","(X)","(X)","(X)","585","(X)","(X)","(X)","(X)","(X)","485","(X)","(X)","(X)","(X)","(X)","254","(X)","(X)","(X)","(X)","(X)","21,774","(X)","(X)","(X)","(X)","(X)","268","(X)","(X)","(X)","(X)","(X)","2,765","(X)","(X)","(X)","(X)","(X)","298","(X)","(X)","(X)","(X)","(X)","16,985","(X)","(X)","(X)","(X)","(X)","14,189","(X)","(X)","(X)","(X)","(X)","911","(X)","(X)","(X)","(X)","(X)","6,235","(X)","(X)","(X)","(X)","(X)","86","(X)","(X)","(X)","(X)","(X)","2,852","(X)","(X)","(X)","(X)","(X)","7,584","(X)","(X)","(X)","(X)","(X)","4,767","(X)","(X)","(X)","(X)","(X)","7,544","(X)","(X)","(X)","(X)","(X)"
"    18 and 19 year olds enrolled in school","127,000","68.8%","110,923","87.3%","16,077","12.7%","256","49.3%","256","100.0%","0","0.0%","191","45.8%","187","97.9%","4","2.1%","2,826","55.3%","2,649","93.7%","177","6.3%","1,116","63.3%","1,023","91.7%","93","8.3%","734","55.1%","688","93.7%","46","6.3%","7,275","63.0%","6,717","92.3%","558","7.7%","17","54.8%","17","100.0%","0","0.0%","1,247","50.2%","1,175","94.2%","72","5.8%","683","62.4%","620","90.8%","63","9.2%","88","53.3%","88","100.0%","0","0.0%","1,657","56.2%","1,634","98.6%","23","1.4%","49","49.5%","49","100.0%","0","0.0%","1,656","56.3%","1,602","96.7%","54","3.3%","980","61.9%","980","100.0%","0","0.0%","768","44.1%","662","86.2%","106","13.8%","113","33.1%","109","96.5%","4","3.5%","39,955","79.4%","34,596","86.6%","5,359","13.4%","3,533","61.3%","3,168","89.7%","365","10.3%","2,612","83.8%","2,597","99.4%","15","0.6%","120","40.1%","85","70.8%","35","29.2%","1,172","64.4%","1,094","93.3%","78","6.7%","119","52.4%","116","97.5%","3","2.5%","894","65.7%","871","97.4%","23","2.6%","390","66.7%","353","90.5%","37","9.5%","266","54.8%","259","97.4%","7","2.6%","130","51.2%","105","80.8%","25","19.2%","13,302","61.1%","11,043","83.0%","2,259","17.0%","219","81.7%","194","88.6%","25","11.4%","1,804","65.2%","1,737","96.3%","67","3.7%","133","44.6%","123","92.5%","10","7.5%","11,050","65.1%","9,828","88.9%","1,222","11.1%","10,023","70.6%","6,808","67.9%","3,215","32.1%","574","63.0%","559","97.4%","15","2.6%","4,023","64.5%","3,503","87.1%","520","12.9%","42","48.8%","28","66.7%","14","33.3%","2,433","85.3%","1,485","61.0%","948","39.0%","5,781","76.2%","5,504","95.2%","277","4.8%","4,479","94.0%","4,458","99.5%","21","0.5%","4,290","56.9%","3,953","92.1%","337","7.9%"
"Population 20 to 24 years","493,641","(X)","(X)","(X)","(X)","(X)","1,621","(X)","(X)","(X)","(X)","(X)","1,276","(X)","(X)","(X)","(X)","(X)","12,938","(X)","(X)","(X)","(X)","(X)","4,760","(X)","(X)","(X)","(X)","(X)","3,312","(X)","(X)","(X)","(X)","(X)","30,412","(X)","(X)","(X)","(X)","(X)","236","(X)","(X)","(X)","(X)","(X)","6,071","(X)","(X)","(X)","(X)","(X)","2,551","(X)","(X)","(X)","(X)","(X)","294","(X)","(X)","(X)","(X)","(X)","6,977","(X)","(X)","(X)","(X)","(X)","65","(X)","(X)","(X)","(X)","(X)","6,843","(X)","(X)","(X)","(X)","(X)","3,702","(X)","(X)","(X)","(X)","(X)","5,691","(X)","(X)","(X)","(X)","(X)","987","(X)","(X)","(X)","(X)","(X)","136,102","(X)","(X)","(X)","(X)","(X)","20,275","(X)","(X)","(X)","(X)","(X)","5,287","(X)","(X)","(X)","(X)","(X)","1,078","(X)","(X)","(X)","(X)","(X)","4,327","(X)","(X)","(X)","(X)","(X)","512","(X)","(X)","(X)","(X)","(X)","3,382","(X)","(X)","(X)","(X)","(X)","2,230","(X)","(X)","(X)","(X)","(X)","881","(X)","(X)","(X)","(X)","(X)","756","(X)","(X)","(X)","(X)","(X)","62,916","(X)","(X)","(X)","(X)","(X)","625","(X)","(X)","(X)","(X)","(X)","7,047","(X)","(X)","(X)","(X)","(X)","519","(X)","(X)","(X)","(X)","(X)","46,491","(X)","(X)","(X)","(X)","(X)","36,142","(X)","(X)","(X)","(X)","(X)","2,158","(X)","(X)","(X)","(X)","(X)","17,389","(X)","(X)","(X)","(X)","(X)","169","(X)","(X)","(X)","(X)","(X)","5,636","(X)","(X)","(X)","(X)","(X)","23,499","(X)","(X)","(X)","(X)","(X)","10,813","(X)","(X)","(X)","(X)","(X)","17,671","(X)","(X)","(X)","(X)","(X)"
"    20 to 24 year olds enrolled in school","165,259","33.5%","133,945","81.1%","31,314","18.9%","365","22.5%","350","95.9%","15","4.1%","238","18.7%","206","86.6%","32","13.4%","3,531","27.3%","3,078","87.2%","453","12.8%","1,312","27.6%","1,217","92.8%","95","7.2%","658","19.9%","559","85.0%","99","15.0%","8,254","27.1%","7,128","86.4%","1,126","13.6%","82","34.7%","70","85.4%","12","14.6%","1,129","18.6%","1,031","91.3%","98","8.7%","615","24.1%","538","87.5%","77","12.5%","77","26.2%","77","100.0%","0","0.0%","1,509","21.6%","1,282","85.0%","227","15.0%","0","0.0%","0","-","0","-","1,520","22.2%","1,430","94.1%","90","5.9%","629","17.0%","561","89.2%","68","10.8%","798","14.0%","671","84.1%","127","15.9%","190","19.3%","66","34.7%","124","65.3%","55,299","40.6%","42,844","77.5%","12,455","22.5%","3,677","18.1%","3,165","86.1%","512","13.9%","3,368","63.7%","3,275","97.2%","93","2.8%","196","18.2%","189","96.4%","7","3.6%","921","21.3%","823","89.4%","98","10.6%","41","8.0%","41","100.0%","0","0.0%","581","17.2%","458","78.8%","123","21.2%","318","14.3%","224","70.4%","94","29.6%","282","32.0%","276","97.9%","6","2.1%","83","11.0%","67","80.7%","16","19.3%","17,039","27.1%","12,532","73.5%","4,507","26.5%","116","18.6%","73","62.9%","43","37.1%","1,886","26.8%","1,658","87.9%","228","12.1%","110","21.2%","107","97.3%","3","2.7%","13,967","30.0%","11,967","85.7%","2,000","14.3%","14,185","39.2%","10,179","71.8%","4,006","28.2%","315","14.6%","257","81.6%","58","18.4%","4,715","27.1%","3,361","71.3%","1,354","28.7%","8","4.7%","8","100.0%","0","0.0%","2,474","43.9%","1,089","44.0%","1,385","56.0%","11,021","46.9%","10,411","94.5%","610","5.5%","9,235","85.4%","9,077","98.3%","158","1.7%","4,515","25.6%","3,600","79.7%","915","20.3%"
"Population 25 to 34 years","1,163,756","(X)","(X)","(X)","(X)","(X)","2,557","(X)","(X)","(X)","(X)","(X)","2,279","(X)","(X)","(X)","(X)","(X)","28,004","(X)","(X)","(X)","(X)","(X)","9,725","(X)","(X)","(X)","(X)","(X)","8,109","(X)","(X)","(X)","(X)","(X)","67,910","(X)","(X)","(X)","(X)","(X)","293","(X)","(X)","(X)","(X)","(X)","13,832","(X)","(X)","(X)","(X)","(X)","5,415","(X)","(X)","(X)","(X)","(X)","595","(X)","(X)","(X)","(X)","(X)","14,282","(X)","(X)","(X)","(X)","(X)","198","(X)","(X)","(X)","(X)","(X)","13,545","(X)","(X)","(X)","(X)","(X)","8,837","(X)","(X)","(X)","(X)","(X)","11,623","(X)","(X)","(X)","(X)","(X)","2,824","(X)","(X)","(X)","(X)","(X)","409,514","(X)","(X)","(X)","(X)","(X)","39,976","(X)","(X)","(X)","(X)","(X)","5,457","(X)","(X)","(X)","(X)","(X)","2,410","(X)","(X)","(X)","(X)","(X)","9,984","(X)","(X)","(X)","(X)","(X)","932","(X)","(X)","(X)","(X)","(X)","7,812","(X)","(X)","(X)","(X)","(X)","4,817","(X)","(X)","(X)","(X)","(X)","1,900","(X)","(X)","(X)","(X)","(X)","1,237","(X)","(X)","(X)","(X)","(X)","141,997","(X)","(X)","(X)","(X)","(X)","1,476","(X)","(X)","(X)","(X)","(X)","16,209","(X)","(X)","(X)","(X)","(X)","1,214","(X)","(X)","(X)","(X)","(X)","122,082","(X)","(X)","(X)","(X)","(X)","80,215","(X)","(X)","(X)","(X)","(X)","4,438","(X)","(X)","(X)","(X)","(X)","42,055","(X)","(X)","(X)","(X)","(X)","282","(X)","(X)","(X)","(X)","(X)","7,499","(X)","(X)","(X)","(X)","(X)","30,908","(X)","(X)","(X)","(X)","(X)","6,800","(X)","(X)","(X)","(X)","(X)","34,514","(X)","(X)","(X)","(X)","(X)"
"    25 to 34 year olds enrolled in school","120,957","10.4%","96,799","80.0%","24,158","20.0%","83","3.2%","83","100.0%","0","0.0%","164","7.2%","140","85.4%","24","14.6%","2,988","10.7%","2,450","82.0%","538","18.0%","790","8.1%","584","73.9%","206","26.1%","660","8.1%","563","85.3%","97","14.7%","5,909","8.7%","4,653","78.7%","1,256","21.3%","39","13.3%","28","71.8%","11","28.2%","1,319","9.5%","1,208","91.6%","111","8.4%","234","4.3%","147","62.8%","87","37.2%","9","1.5%","9","100.0%","0","0.0%","1,035","7.2%","915","88.4%","120","11.6%","7","3.5%","7","100.0%","0","0.0%","888","6.6%","624","70.3%","264","29.7%","547","6.2%","483","88.3%","64","11.7%","1,246","10.7%","1,011","81.1%","235","18.9%","181","6.4%","167","92.3%","14","7.7%","43,207","10.6%","33,470","77.5%","9,737","22.5%","4,577","11.4%","3,964","86.6%","613","13.4%","829","15.2%","787","94.9%","42","5.1%","159","6.6%","145","91.2%","14","8.8%","873","8.7%","741","84.9%","132","15.1%","27","2.9%","19","70.4%","8","29.6%","710","9.1%","579","81.5%","131","18.5%","428","8.9%","379","88.6%","49","11.4%","112","5.9%","97","86.6%","15","13.4%","100","8.1%","90","90.0%","10","10.0%","15,243","10.7%","11,802","77.4%","3,441","22.6%","50","3.4%","34","68.0%","16","32.0%","1,246","7.7%","1,051","84.3%","195","15.7%","67","5.5%","53","79.1%","14","20.9%","11,911","9.8%","9,762","82.0%","2,149","18.0%","10,135","12.6%","8,165","80.6%","1,970","19.4%","241","5.4%","148","61.4%","93","38.6%","4,773","11.3%","3,842","80.5%","931","19.5%","15","5.3%","0","0.0%","15","100.0%","1,115","14.9%","896","80.4%","219","19.6%","3,563","11.5%","3,126","87.7%","437","12.3%","2,365","34.8%","2,259","95.5%","106","4.5%","3,112","9.0%","2,318","74.5%","794","25.5%"
"Population 35 years and over","4,183,558","(X)","(X)","(X)","(X)","(X)","8,701","(X)","(X)","(X)","(X)","(X)","13,886","(X)","(X)","(X)","(X)","(X)","106,950","(X)","(X)","(X)","(X)","(X)","44,709","(X)","(X)","(X)","(X)","(X)","51,756","(X)","(X)","(X)","(X)","(X)","277,501","(X)","(X)","(X)","(X)","(X)","2,728","(X)","(X)","(X)","(X)","(X)","63,240","(X)","(X)","(X)","(X)","(X)","23,291","(X)","(X)","(X)","(X)","(X)","4,964","(X)","(X)","(X)","(X)","(X)","41,985","(X)","(X)","(X)","(X)","(X)","1,498","(X)","(X)","(X)","(X)","(X)","47,178","(X)","(X)","(X)","(X)","(X)","46,357","(X)","(X)","(X)","(X)","(X)","52,036","(X)","(X)","(X)","(X)","(X)","24,998","(X)","(X)","(X)","(X)","(X)","1,213,122","(X)","(X)","(X)","(X)","(X)","154,406","(X)","(X)","(X)","(X)","(X)","22,849","(X)","(X)","(X)","(X)","(X)","14,709","(X)","(X)","(X)","(X)","(X)","48,748","(X)","(X)","(X)","(X)","(X)","6,947","(X)","(X)","(X)","(X)","(X)","40,713","(X)","(X)","(X)","(X)","(X)","25,054","(X)","(X)","(X)","(X)","(X)","16,546","(X)","(X)","(X)","(X)","(X)","8,721","(X)","(X)","(X)","(X)","(X)","480,207","(X)","(X)","(X)","(X)","(X)","13,344","(X)","(X)","(X)","(X)","(X)","75,819","(X)","(X)","(X)","(X)","(X)","7,934","(X)","(X)","(X)","(X)","(X)","458,256","(X)","(X)","(X)","(X)","(X)","291,323","(X)","(X)","(X)","(X)","(X)","29,403","(X)","(X)","(X)","(X)","(X)","166,560","(X)","(X)","(X)","(X)","(X)","3,169","(X)","(X)","(X)","(X)","(X)","33,448","(X)","(X)","(X)","(X)","(X)","121,598","(X)","(X)","(X)","(X)","(X)","17,542","(X)","(X)","(X)","(X)","(X)","121,362","(X)","(X)","(X)","(X)","(X)"
"    35 years and over enrolled in school","103,472","2.5%","76,408","73.8%","27,064","26.2%","114","1.3%","86","75.4%","28","24.6%","188","1.4%","172","91.5%","16","8.5%","2,885","2.7%","2,097","72.7%","788","27.3%","978","2.2%","636","65.0%","342","35.0%","894","1.7%","629","70.4%","265","29.6%","6,425","2.3%","4,457","69.4%","1,968","30.6%","74","2.7%","74","100.0%","0","0.0%","1,834","2.9%","1,447","78.9%","387","21.1%","348","1.5%","280","80.5%","68","19.5%","20","0.4%","6","30.0%","14","70.0%","1,544","3.7%","1,228","79.5%","316","20.5%","14","0.9%","14","100.0%","0","0.0%","678","1.4%","536","79.1%","142","20.9%","615","1.3%","551","89.6%","64","10.4%","1,371","2.6%","1,007","73.5%","364","26.5%","410","1.6%","238","58.0%","172","42.0%","30,600","2.5%","22,453","73.4%","8,147","26.6%","3,678","2.4%","2,548","69.3%","1,130","30.7%","719","3.1%","636","88.5%","83","11.5%","172","1.2%","100","58.1%","72","41.9%","1,132","2.3%","808","71.4%","324","28.6%","38","0.5%","29","76.3%","9","23.7%","920","2.3%","658","71.5%","262","28.5%","569","2.3%","482","84.7%","87","15.3%","112","0.7%","107","95.5%","5","4.5%","72","0.8%","67","93.1%","5","6.9%","14,819","3.1%","10,934","73.8%","3,885","26.2%","158","1.2%","86","54.4%","72","45.6%","1,720","2.3%","1,122","65.2%","598","34.8%","162","2.0%","120","74.1%","42","25.9%","11,679","2.5%","8,819","75.5%","2,860","24.5%","6,861","2.4%","4,954","72.2%","1,907","27.8%","448","1.5%","361","80.6%","87","19.4%","5,215","3.1%","3,907","74.9%","1,308","25.1%","48","1.5%","38","79.2%","10","20.8%","773","2.3%","643","83.2%","130","16.8%","2,352","1.9%","1,927","81.9%","425","18.1%","658","3.8%","577","87.7%","81","12.3%","2,175","1.8%","1,574","72.4%","601","27.6%"
"Population 18 to 24 years","678,238","(X)","(X)","(X)","(X)","(X)","2,140","(X)","(X)","(X)","(X)","(X)","1,693","(X)","(X)","(X)","(X)","(X)","18,047","(X)","(X)","(X)","(X)","(X)","6,524","(X)","(X)","(X)","(X)","(X)","4,645","(X)","(X)","(X)","(X)","(X)","41,959","(X)","(X)","(X)","(X)","(X)","267","(X)","(X)","(X)","(X)","(X)","8,554","(X)","(X)","(X)","(X)","(X)","3,646","(X)","(X)","(X)","(X)","(X)","459","(X)","(X)","(X)","(X)","(X)","9,925","(X)","(X)","(X)","(X)","(X)","164","(X)","(X)","(X)","(X)","(X)","9,782","(X)","(X)","(X)","(X)","(X)","5,285","(X)","(X)","(X)","(X)","(X)","7,433","(X)","(X)","(X)","(X)","(X)","1,328","(X)","(X)","(X)","(X)","(X)","186,414","(X)","(X)","(X)","(X)","(X)","26,040","(X)","(X)","(X)","(X)","(X)","8,403","(X)","(X)","(X)","(X)","(X)","1,377","(X)","(X)","(X)","(X)","(X)","6,148","(X)","(X)","(X)","(X)","(X)","739","(X)","(X)","(X)","(X)","(X)","4,742","(X)","(X)","(X)","(X)","(X)","2,815","(X)","(X)","(X)","(X)","(X)","1,366","(X)","(X)","(X)","(X)","(X)","1,010","(X)","(X)","(X)","(X)","(X)","84,690","(X)","(X)","(X)","(X)","(X)","893","(X)","(X)","(X)","(X)","(X)","9,812","(X)","(X)","(X)","(X)","(X)","817","(X)","(X)","(X)","(X)","(X)","63,476","(X)","(X)","(X)","(X)","(X)","50,331","(X)","(X)","(X)","(X)","(X)","3,069","(X)","(X)","(X)","(X)","(X)","23,624","(X)","(X)","(X)","(X)","(X)","255","(X)","(X)","(X)","(X)","(X)","8,488","(X)","(X)","(X)","(X)","(X)","31,083","(X)","(X)","(X)","(X)","(X)","15,580","(X)","(X)","(X)","(X)","(X)","25,215","(X)","(X)","(X)","(X)","(X)"
"    Enrolled in college or graduate school","234,291","34.5%","190,921","81.5%","43,370","18.5%","433","20.2%","418","96.5%","15","3.5%","303","17.9%","271","89.4%","32","10.6%","4,201","23.3%","3,677","87.5%","524","12.5%","1,984","30.4%","1,858","93.6%","126","6.4%","1,035","22.3%","905","87.4%","130","12.6%","11,425","27.2%","10,071","88.1%","1,354","11.9%","82","30.7%","70","85.4%","12","14.6%","1,796","21.0%","1,676","93.3%","120","6.7%","907","24.9%","767","84.6%","140","15.4%","70","15.3%","70","100.0%","0","0.0%","2,178","21.9%","1,948","89.4%","230","10.6%","28","17.1%","28","100.0%","0","0.0%","2,367","24.2%","2,241","94.7%","126","5.3%","897","17.0%","829","92.4%","68","7.6%","1,143","15.4%","1,001","87.6%","142","12.4%","238","17.9%","114","47.9%","124","52.1%","79,428","42.6%","62,940","79.2%","16,488","20.8%","5,035","19.3%","4,413","87.6%","622","12.4%","5,605","66.7%","5,508","98.3%","97","1.7%","238","17.3%","224","94.1%","14","5.9%","1,302","21.2%","1,185","91.0%","117","9.0%","85","11.5%","85","100.0%","0","0.0%","750","15.8%","626","83.5%","124","16.5%","479","17.0%","384","80.2%","95","19.8%","403","29.5%","397","98.5%","6","1.5%","119","11.8%","103","86.6%","16","13.4%","23,260","27.5%","17,073","73.4%","6,187","26.6%","167","18.7%","108","64.7%","59","35.3%","2,570","26.2%","2,280","88.7%","290","11.3%","189","23.1%","176","93.1%","13","6.9%","18,885","29.8%","16,117","85.3%","2,768","14.7%","20,519","40.8%","13,513","65.9%","7,006","34.1%","379","12.3%","343","90.5%","36","9.5%","6,575","27.8%","4,769","72.5%","1,806","27.5%","28","11.0%","14","50.0%","14","50.0%","4,061","47.8%","1,742","42.9%","2,319","57.1%","15,400","49.5%","14,566","94.6%","834","5.4%","13,601","87.3%","13,422","98.7%","179","1.3%","6,126","24.3%","4,989","81.4%","1,137","18.6%"
"    Males 18 to 24 years","353,557","(X)","(X)","(X)","(X)","(X)","1,149","(X)","(X)","(X)","(X)","(X)","821","(X)","(X)","(X)","(X)","(X)","9,488","(X)","(X)","(X)","(X)","(X)","3,320","(X)","(X)","(X)","(X)","(X)","2,585","(X)","(X)","(X)","(X)","(X)","21,591","(X)","(X)","(X)","(X)","(X)","108","(X)","(X)","(X)","(X)","(X)","4,465","(X)","(X)","(X)","(X)","(X)","1,977","(X)","(X)","(X)","(X)","(X)","253","(X)","(X)","(X)","(X)","(X)","5,230","(X)","(X)","(X)","(X)","(X)","121","(X)","(X)","(X)","(X)","(X)","5,068","(X)","(X)","(X)","(X)","(X)","2,851","(X)","(X)","(X)","(X)","(X)","4,270","(X)","(X)","(X)","(X)","(X)","676","(X)","(X)","(X)","(X)","(X)","94,816","(X)","(X)","(X)","(X)","(X)","15,603","(X)","(X)","(X)","(X)","(X)","4,072","(X)","(X)","(X)","(X)","(X)","677","(X)","(X)","(X)","(X)","(X)","3,331","(X)","(X)","(X)","(X)","(X)","377","(X)","(X)","(X)","(X)","(X)","2,800","(X)","(X)","(X)","(X)","(X)","1,460","(X)","(X)","(X)","(X)","(X)","760","(X)","(X)","(X)","(X)","(X)","566","(X)","(X)","(X)","(X)","(X)","46,171","(X)","(X)","(X)","(X)","(X)","453","(X)","(X)","(X)","(X)","(X)","5,098","(X)","(X)","(X)","(X)","(X)","453","(X)","(X)","(X)","(X)","(X)","32,914","(X)","(X)","(X)","(X)","(X)","25,956","(X)","(X)","(X)","(X)","(X)","1,602","(X)","(X)","(X)","(X)","(X)","12,037","(X)","(X)","(X)","(X)","(X)","140","(X)","(X)","(X)","(X)","(X)","4,197","(X)","(X)","(X)","(X)","(X)","15,182","(X)","(X)","(X)","(X)","(X)","7,957","(X)","(X)","(X)","(X)","(X)","12,962","(X)","(X)","(X)","(X)","(X)"
"        Enrolled in college or graduate school","110,119","31.1%","90,548","82.2%","19,571","17.8%","132","11.5%","127","96.2%","5","3.8%","92","11.2%","92","100.0%","0","0.0%","1,874","19.8%","1,542","82.3%","332","17.7%","831","25.0%","771","92.8%","60","7.2%","598","23.1%","532","89.0%","66","11.0%","5,216","24.2%","4,829","92.6%","387","7.4%","22","20.4%","22","100.0%","0","0.0%","987","22.1%","965","97.8%","22","2.2%","493","24.9%","425","86.2%","68","13.8%","38","15.0%","38","100.0%","0","0.0%","976","18.7%","872","89.3%","104","10.7%","22","18.2%","22","100.0%","0","0.0%","1,228","24.2%","1,176","95.8%","52","4.2%","537","18.8%","526","98.0%","11","2.0%","626","14.7%","555","88.7%","71","11.3%","58","8.6%","49","84.5%","9","15.5%","37,922","40.0%","30,964","81.7%","6,958","18.3%","2,318","14.9%","1,987","85.7%","331","14.3%","2,521","61.9%","2,465","97.8%","56","2.2%","77","11.4%","70","90.9%","7","9.1%","532","16.0%","513","96.4%","19","3.6%","43","11.4%","43","100.0%","0","0.0%","282","10.1%","206","73.0%","76","27.0%","174","11.9%","137","78.7%","37","21.3%","247","32.5%","247","100.0%","0","0.0%","44","7.8%","44","100.0%","0","0.0%","10,701","23.2%","7,752","72.4%","2,949","27.6%","54","11.9%","27","50.0%","27","50.0%","1,414","27.7%","1,229","86.9%","185","13.1%","120","26.5%","110","91.7%","10","8.3%","8,214","25.0%","7,173","87.3%","1,041","12.7%","9,622","37.1%","6,061","63.0%","3,561","37.0%","168","10.5%","153","91.1%","15","8.9%","3,116","25.9%","2,146","68.9%","970","31.1%","18","12.9%","4","22.2%","14","77.8%","2,054","48.9%","880","42.8%","1,174","57.2%","7,351","48.4%","7,002","95.3%","349","4.7%","6,887","86.6%","6,765","98.2%","122","1.8%","2,510","19.4%","2,027","80.8%","483","19.2%"
"    Females 18 to 24 years","324,681","(X)","(X)","(X)","(X)","(X)","991","(X)","(X)","(X)","(X)","(X)","872","(X)","(X)","(X)","(X)","(X)","8,559","(X)","(X)","(X)","(X)","(X)","3,204","(X)","(X)","(X)","(X)","(X)","2,060","(X)","(X)","(X)","(X)","(X)","20,368","(X)","(X)","(X)","(X)","(X)","159","(X)","(X)","(X)","(X)","(X)","4,089","(X)","(X)","(X)","(X)","(X)","1,669","(X)","(X)","(X)","(X)","(X)","206","(X)","(X)","(X)","(X)","(X)","4,695","(X)","(X)","(X)","(X)","(X)","43","(X)","(X)","(X)","(X)","(X)","4,714","(X)","(X)","(X)","(X)","(X)","2,434","(X)","(X)","(X)","(X)","(X)","3,163","(X)","(X)","(X)","(X)","(X)","652","(X)","(X)","(X)","(X)","(X)","91,598","(X)","(X)","(X)","(X)","(X)","10,437","(X)","(X)","(X)","(X)","(X)","4,331","(X)","(X)","(X)","(X)","(X)","700","(X)","(X)","(X)","(X)","(X)","2,817","(X)","(X)","(X)","(X)","(X)","362","(X)","(X)","(X)","(X)","(X)","1,942","(X)","(X)","(X)","(X)","(X)","1,355","(X)","(X)","(X)","(X)","(X)","606","(X)","(X)","(X)","(X)","(X)","444","(X)","(X)","(X)","(X)","(X)","38,519","(X)","(X)","(X)","(X)","(X)","440","(X)","(X)","(X)","(X)","(X)","4,714","(X)","(X)","(X)","(X)","(X)","364","(X)","(X)","(X)","(X)","(X)","30,562","(X)","(X)","(X)","(X)","(X)","24,375","(X)","(X)","(X)","(X)","(X)","1,467","(X)","(X)","(X)","(X)","(X)","11,587","(X)","(X)","(X)","(X)","(X)","115","(X)","(X)","(X)","(X)","(X)","4,291","(X)","(X)","(X)","(X)","(X)","15,901","(X)","(X)","(X)","(X)","(X)","7,623","(X)","(X)","(X)","(X)","(X)","12,253","(X)","(X)","(X)","(X)","(X)"
"        Enrolled in college or graduate school","124,172","38.2%","100,373","80.8%","23,799","19.2%","301","30.4%","291","96.7%","10","3.3%","211","24.2%","179","84.8%","32","15.2%","2,327","27.2%","2,135","91.7%","192","8.3%","1,153","36.0%","1,087","94.3%","66","5.7%","437","21.2%","373","85.4%","64","14.6%","6,209","30.5%","5,242","84.4%","967","15.6%","60","37.7%","48","80.0%","12","20.0%","809","19.8%","711","87.9%","98","12.1%","414","24.8%","342","82.6%","72","17.4%","32","15.5%","32","100.0%","0","0.0%","1,202","25.6%","1,076","89.5%","126","10.5%","6","14.0%","6","100.0%","0","0.0%","1,139","24.2%","1,065","93.5%","74","6.5%","360","14.8%","303","84.2%","57","15.8%","517","16.3%","446","86.3%","71","13.7%","180","27.6%","65","36.1%","115","63.9%","41,506","45.3%","31,976","77.0%","9,530","23.0%","2,717","26.0%","2,426","89.3%","291","10.7%","3,084","71.2%","3,043","98.7%","41","1.3%","161","23.0%","154","95.7%","7","4.3%","770","27.3%","672","87.3%","98","12.7%","42","11.6%","42","100.0%","0","0.0%","468","24.1%","420","89.7%","48","10.3%","305","22.5%","247","81.0%","58","19.0%","156","25.7%","150","96.2%","6","3.8%","75","16.9%","59","78.7%","16","21.3%","12,559","32.6%","9,321","74.2%","3,238","25.8%","113","25.7%","81","71.7%","32","28.3%","1,156","24.5%","1,051","90.9%","105","9.1%","69","19.0%","66","95.7%","3","4.3%","10,671","34.9%","8,944","83.8%","1,727","16.2%","10,897","44.7%","7,452","68.4%","3,445","31.6%","211","14.4%","190","90.0%","21","10.0%","3,459","29.9%","2,623","75.8%","836","24.2%","10","8.7%","10","100.0%","0","0.0%","2,007","46.8%","862","42.9%","1,145","57.1%","8,049","50.6%","7,564","94.0%","485","6.0%","6,714","88.1%","6,657","99.2%","57","0.8%","3,616","29.5%","2,962","81.9%","654","18.1%"